"","new_skill","MeanVal"
"1","Strategy",44098.15
"2","ETL",39606.25
"3","SQL",37710.12
"4","User Experience",33619.05
"5","Data Science",33359.5
"6","Distributed Systems",32953.7
"7","Technical Leadership",32663.16
"8","Information Retrieval",32294.44
"9","Python",31814.77
"10","Statistics",31360.38
"11","Analytics",31070.59
"12","Management",30741.08
"13","Data Mining",30543.14
"14","Algorithms",30322.83
"15","C++",30258.55
"16","Optimization",30098.97
"17","Machine Learning",29921.35
"18","Windows",29869.05
"19","Product Management",29767.68
"20","Software Design",29483.33
"21","Java",29271.79
"22","Big Data",29141.24
"23","Matlab",29040.83
"24","MapReduce",29005.38
"25","AWS",28980.39
"26","Relational Databases",28766.67
"27","Hadoop",28369.87
"28","Scalability",28320.51
"29","Deep Learning",28268.52
"30","Architecture",28208.33
"31","Computer Vision",27616.67
"32","Ruby",27243.59
"33","REST",26909.09
"34","Scala",26657.9
